{"stats":{"minecraft:custom":{"minecraft:jump":36,"minecraft:time_since_rest":1398,"minecraft:leave_game":1,"minecraft:damage_taken":110,"minecraft:sprint_one_cm":4319,"minecraft:play_time":1398,"minecraft:walk_on_water_one_cm":1968,"minecraft:time_since_death":1398,"minecraft:walk_one_cm":2786,"minecraft:sneak_time":22,"minecraft:total_world_time":1398,"minecraft:walk_under_water_one_cm":833,"minecraft:swim_one_cm":4328,"minecraft:fall_one_cm":836,"minecraft:fly_one_cm":13352}},"DataVersion":3120}