{"stats":{"minecraft:custom":{"minecraft:jump":82,"minecraft:time_since_rest":915,"minecraft:deaths":1,"minecraft:damage_dealt":68,"minecraft:damage_taken":320,"minecraft:leave_game":2,"minecraft:play_time":2970,"minecraft:sprint_one_cm":12638,"minecraft:time_since_death":887,"minecraft:walk_on_water_one_cm":4406,"minecraft:walk_one_cm":4577,"minecraft:sneak_time":33,"minecraft:total_world_time":2970,"minecraft:walk_under_water_one_cm":4204,"minecraft:swim_one_cm":8412,"minecraft:fall_one_cm":2090,"minecraft:fly_one_cm":27198},"minecraft:killed_by":{"minecraft:spider":1}},"DataVersion":3120}