{"stats":{"minecraft:dropped":{"minecraft:kelp":5,"minecraft:arrow":5,"minecraft:wheat_seeds":3},"minecraft:killed_by":{"minecraft:spider":2,"minecraft:zombie":1},"minecraft:picked_up":{"minecraft:arrow":6,"minecraft:bone":1,"minecraft:jungle_log":2,"minecraft:kelp":13,"minecraft:wheat_seeds":3},"minecraft:custom":{"minecraft:time_since_rest":7011,"minecraft:crouch_one_cm":79,"minecraft:damage_taken":915,"minecraft:play_time":13369,"minecraft:sprint_one_cm":34366,"minecraft:deaths":3,"minecraft:walk_one_cm":23669,"minecraft:sneak_time":161,"minecraft:walk_under_water_one_cm":21266,"minecraft:drop":7,"minecraft:jump":303,"minecraft:damage_dealt":226,"minecraft:leave_game":5,"minecraft:time_since_death":6879,"minecraft:walk_on_water_one_cm":18498,"minecraft:climb_one_cm":143,"minecraft:total_world_time":13369,"minecraft:swim_one_cm":61088,"minecraft:fall_one_cm":8756,"minecraft:fly_one_cm":72426},"minecraft:crafted":{"minecraft:crafting_table":1,"minecraft:jungle_planks":8},"minecraft:mined":{"minecraft:grass":2,"minecraft:jungle_log":2,"minecraft:kelp_plant":8,"minecraft:kelp":2}},"DataVersion":3120}