{"stats":{"minecraft:used":{"minecraft:stone_sword":7,"minecraft:melon_slice":2,"minecraft:stone_pickaxe":72,"minecraft:wooden_pickaxe":3,"minecraft:stone_axe":44,"minecraft:sand":1,"minecraft:crafting_table":2,"minecraft:jungle_planks":1},"minecraft:dropped":{"minecraft:kelp":5,"minecraft:wheat_seeds":4,"minecraft:wooden_axe":1,"minecraft:jungle_log":1,"minecraft:arrow":5,"minecraft:jungle_planks":2,"minecraft:wooden_pickaxe":1},"minecraft:killed_by":{"minecraft:spider":2,"minecraft:zombie":1},"minecraft:picked_up":{"minecraft:crafting_table":1,"minecraft:feather":2,"minecraft:chicken":2,"minecraft:jungle_log":27,"minecraft:porkchop":5,"minecraft:sand":4,"minecraft:bone":1,"minecraft:arrow":6,"minecraft:kelp":13,"minecraft:wheat_seeds":4,"minecraft:melon_slice":62,"minecraft:coal":39,"minecraft:cobblestone":31},"minecraft:custom":{"minecraft:time_since_rest":11780,"minecraft:interact_with_furnace":1,"minecraft:sprint_one_cm":54247,"minecraft:damage_taken":1215,"minecraft:walk_one_cm":52736,"minecraft:mob_kills":4,"minecraft:drop":12,"minecraft:damage_dealt":506,"minecraft:swim_one_cm":71550,"minecraft:interact_with_crafting_table":6,"minecraft:fly_one_cm":105626,"minecraft:open_chest":2,"minecraft:crouch_one_cm":1245,"minecraft:play_time":27231,"minecraft:deaths":4,"minecraft:sneak_time":526,"minecraft:walk_under_water_one_cm":29989,"minecraft:jump":509,"minecraft:leave_game":7,"minecraft:walk_on_water_one_cm":34537,"minecraft:time_since_death":11756,"minecraft:climb_one_cm":143,"minecraft:total_world_time":27231,"minecraft:fall_one_cm":13816},"minecraft:killed":{"minecraft:pig":2,"minecraft:chicken":2},"minecraft:crafted":{"minecraft:crafting_table":2,"minecraft:stick":12,"minecraft:wooden_pickaxe":1,"minecraft:stone_pickaxe":1,"minecraft:wooden_axe":1,"minecraft:stone_sword":1,"minecraft:stone_axe":1,"minecraft:jungle_planks":28},"minecraft:mined":{"minecraft:kelp_plant":8,"minecraft:jungle_leaves":1,"minecraft:crafting_table":1,"minecraft:grass":5,"minecraft:melon":11,"minecraft:coal_ore":39,"minecraft:vine":6,"minecraft:jungle_log":29,"minecraft:sand":4,"minecraft:stone":33,"minecraft:kelp":2,"minecraft:fern":1}},"DataVersion":3120}