{"stats":{"minecraft:dropped":{"minecraft:bamboo":1},"minecraft:killed_by":{"minecraft:skeleton":1,"minecraft:player":1},"minecraft:picked_up":{"minecraft:rotten_flesh":2,"minecraft:kelp":9,"minecraft:wheat_seeds":2,"minecraft:gravel":1,"minecraft:jungle_planks":8,"minecraft:bamboo":11,"minecraft:string":4,"minecraft:cobblestone":34},"minecraft:custom":{"minecraft:time_since_rest":5361,"minecraft:damage_taken":215,"minecraft:crouch_one_cm":2738,"minecraft:play_time":12980,"minecraft:sprint_one_cm":22457,"minecraft:deaths":2,"minecraft:walk_one_cm":16087,"minecraft:sneak_time":551,"minecraft:walk_under_water_one_cm":23480,"minecraft:mob_kills":1,"minecraft:drop":1,"minecraft:jump":112,"minecraft:damage_dealt":40,"minecraft:leave_game":5,"minecraft:time_since_death":5265,"minecraft:walk_on_water_one_cm":25864,"minecraft:total_world_time":12980,"minecraft:swim_one_cm":48180,"minecraft:fall_one_cm":2970,"minecraft:fly_one_cm":17996},"minecraft:killed":{"minecraft:spider":1},"minecraft:mined":{"minecraft:kelp_plant":11,"minecraft:bamboo":1}},"DataVersion":3120}