{"stats":{"minecraft:crafted":{"minecraft:crafting_table":1,"minecraft:stick":4,"minecraft:dried_kelp":23,"minecraft:stone_pickaxe":1,"minecraft:stone_sword":1,"minecraft:furnace":2,"minecraft:torch":4,"minecraft:air":0,"minecraft:jungle_planks":4},"minecraft:killed":{"minecraft:pig":1,"minecraft:spider":1},"minecraft:picked_up":{"minecraft:jungle_log":1,"minecraft:gravel":1,"minecraft:porkchop":1,"minecraft:jungle_planks":10,"minecraft:oak_log":3,"minecraft:string":4,"minecraft:rotten_flesh":2,"minecraft:kelp":23,"minecraft:wheat_seeds":3,"k_turrets:raw_titanium":8,"minecraft:bamboo":11,"minecraft:melon_slice":18,"minecraft:coal":3,"minecraft:cobblestone":85,"minecraft:egg":1},"minecraft:mined":{"minecraft:kelp_plant":19,"k_turrets:titanium_ore":8,"minecraft:grass":1,"minecraft:oak_log":3,"minecraft:coal_ore":3,"minecraft:melon":4,"minecraft:bamboo":1,"minecraft:stone":49,"minecraft:kelp":1,"minecraft:fern":1},"minecraft:killed_by":{"minecraft:player":1,"minecraft:skeleton":1},"minecraft:used":{"minecraft:stone_sword":16,"minecraft:stone_pickaxe":61,"minecraft:dried_kelp":14,"minecraft:torch":1,"minecraft:cobblestone":2,"minecraft:crafting_table":1,"minecraft:furnace":2},"minecraft:dropped":{"minecraft:bamboo":1},"minecraft:custom":{"minecraft:time_since_rest":1101,"minecraft:interact_with_furnace":15,"minecraft:sprint_one_cm":32675,"minecraft:damage_taken":520,"minecraft:walk_one_cm":27125,"minecraft:mob_kills":2,"minecraft:drop":1,"minecraft:damage_dealt":459,"minecraft:swim_one_cm":62174,"minecraft:interact_with_crafting_table":4,"minecraft:fly_one_cm":38114,"minecraft:play_time":33850,"minecraft:crouch_one_cm":2738,"minecraft:deaths":3,"minecraft:sneak_time":658,"minecraft:walk_under_water_one_cm":70670,"minecraft:jump":202,"minecraft:leave_game":7,"minecraft:time_since_death":1023,"minecraft:walk_on_water_one_cm":54281,"minecraft:total_world_time":33850,"minecraft:fall_one_cm":4700}},"DataVersion":3120}