{"stats":{"minecraft:dropped":{"minecraft:bamboo":1},"minecraft:custom":{"minecraft:jump":36,"minecraft:time_since_rest":2576,"minecraft:leave_game":1,"minecraft:crouch_one_cm":624,"minecraft:sprint_one_cm":6015,"minecraft:play_time":2576,"minecraft:time_since_death":2576,"minecraft:walk_one_cm":1612,"minecraft:sneak_time":96,"minecraft:total_world_time":2576,"minecraft:drop":1,"minecraft:fall_one_cm":1428,"minecraft:fly_one_cm":4794},"minecraft:mined":{"minecraft:bamboo":1},"minecraft:picked_up":{"minecraft:bamboo":11}},"DataVersion":3120}