{"stats":{"minecraft:dropped":{"minecraft:bamboo":1},"minecraft:custom":{"minecraft:jump":39,"minecraft:time_since_rest":0,"minecraft:deaths":1,"minecraft:damage_taken":50,"minecraft:leave_game":2,"minecraft:crouch_one_cm":2571,"minecraft:play_time":3791,"minecraft:sprint_one_cm":6720,"minecraft:time_since_death":0,"minecraft:walk_one_cm":4973,"minecraft:sneak_time":380,"minecraft:total_world_time":3791,"minecraft:fall_one_cm":1865,"minecraft:drop":1,"minecraft:fly_one_cm":5747},"minecraft:mined":{"minecraft:bamboo":1},"minecraft:picked_up":{"minecraft:bamboo":11},"minecraft:killed_by":{"minecraft:skeleton":1}},"DataVersion":3120}